Period,avg_SRAD,avg_TMAX,avg_TMIN,avg_PR,,,,,,,,,,
2006-2024,21.18477549,27.61241774,18.85666532,0.422024658,,,,,,,,,,
2025-2049,21.24318937,28.46027671,19.46713414,0.384572493,,,,,,,,,,
2050-2069,21.20318782,28.97068151,20.02264752,0.469191828,,,,,,,,,,
2070-2100,21.43005087,29.29044227,20.25389627,0.395549177,,,,,,,,,,
,,,,,,,,,,,,,,
,,,,,,,,,,,,,,
,,,,,,,,,,,,,,
