Period,avg_SRAD,avg_TMAX,avg_TMIN,avg_PR
2006-2024,18.591238309674928,27.192541944913934,13.359098561584739,2.1295341677796555
2025-2049,21.261665424657533,28.789174246575342,19.83662005479452,0.4936909589041096
2050-2069,21.2222698630137,29.927738630136986,20.89011808219178,0.43750657534246573
2070-2100,21.20673380468405,31.620686699072028,22.558299867432613,0.49688705258506405
